{"cameraMode":{"drawMode":0,"name":"Shaded","section":"Shading Mode"},"sceneLighting":true,"audioPlay":false,"sceneViewState":{"showFog":true,"showMaterialUpdate":false,"showSkybox":true,"showFlares":true,"showImageEffects":true,"showParticleSystems":true},"in2DMode":false,"pivot":{"x":0.002123221755027771,"y":0.056127339601516727,"z":-0.11683085560798645},"rotation":{"x":-0.042613398283720019,"y":0.9569199085235596,"z":-0.21781736612319947,"w":-0.18721090257167817},"size":0.49341315031051638,"orthographic":false}