{"cameraMode":{"drawMode":0,"name":"Shaded","section":"Shading Mode"},"sceneLighting":false,"audioPlay":false,"sceneViewState":{"showFog":true,"showMaterialUpdate":false,"showSkybox":false,"showFlares":true,"showImageEffects":true,"showParticleSystems":true},"in2DMode":false,"pivot":{"x":0.0,"y":0.5061582326889038,"z":0.00014516711235046387},"rotation":{"x":0.015684498474001886,"y":0.9843249917030335,"z":-0.1234949603676796,"w":0.12498637288808823},"size":1.2396764755249024,"orthographic":false}