{"cameraMode":{"drawMode":0,"name":"Shaded","section":"Shading Mode"},"sceneLighting":true,"audioPlay":false,"sceneViewState":{"showFog":true,"showMaterialUpdate":false,"showSkybox":true,"showFlares":true,"showImageEffects":true,"showParticleSystems":true},"in2DMode":false,"pivot":{"x":-0.002089664340019226,"y":0.09041443467140198,"z":-0.12715470790863038},"rotation":{"x":-0.019542424008250238,"y":0.9804590344429016,"z":-0.13797816634178163,"w":-0.13886700570583344},"size":0.49341315031051638,"orthographic":false}